<?xml version="1.0"?>
<doc>
    <assembly>
        <name>SpotifyAPI</name>
    </assembly>
    <members>
        <member name="T:SpotifyAPI.Local.Models.Cfid">
            <summary>
            JSON Response, used internaly
            </summary>
        </member>
        <member name="T:SpotifyAPI.Local.Models.Error">
            <summary>
            JSON Response, used internaly
            </summary>
        </member>
        <member name="M:SpotifyAPI.Local.Models.Track.GetAlbumArtUrl(SpotifyAPI.Local.Enums.AlbumArtSize)">
            <summary>
            Returns a URL to the album cover in the provided size
            </summary>
            <param name="size">AlbumArtSize (160,320,640)</param>
            <returns>A String, which is the URL to the Albumart</returns>
        </member>
        <member name="M:SpotifyAPI.Local.Models.Track.GetAlbumArtAsync(SpotifyAPI.Local.Enums.AlbumArtSize)">
            <summary>
            Returns a Bitmap of the album cover in the provided size asynchronous
            </summary>
            <param name="size">AlbumArtSize (160,320,640)</param>
            <returns>A Bitmap, which is the albumart</returns>
        </member>
        <member name="M:SpotifyAPI.Local.Models.Track.GetAlbumArt(SpotifyAPI.Local.Enums.AlbumArtSize)">
            <summary>
            Returns a Bitmap of the album cover in the provided size
            </summary>
            <param name="size">AlbumArtSize (160,320,640)</param>
            <returns>A Bitmap, which is the albumart</returns>
        </member>
        <member name="T:SpotifyAPI.Local.TrackChangeEventArgs">
            <summary>
            Event gets triggered, when the Track is changed
            </summary>
        </member>
        <member name="T:SpotifyAPI.Local.PlayStateEventArgs">
            <summary>
            Event gets triggered, when the Playin-state is changed (e.g Play --> Pause)
            </summary>
        </member>
        <member name="T:SpotifyAPI.Local.VolumeChangeEventArgs">
            <summary>
            Event gets triggered, when the volume changes
            </summary>
        </member>
        <member name="T:SpotifyAPI.Local.TrackTimeChangeEventArgs">
            <summary>
            Event gets triggered, when the tracktime changes
            </summary>
        </member>
        <member name="M:SpotifyAPI.Local.SpotifyLocalAPI.Connect">
            <summary>
            Connects with Spotify. Needs to be called before all other SpotifyAPI functions
            </summary>
            <returns>Returns true, if it was successful, false if not</returns>
        </member>
        <member name="M:SpotifyAPI.Local.SpotifyLocalAPI.UnMute">
            <summary>
            Unmutes Spotify (Requires nircmd.dll)
            </summary>
        </member>
        <member name="M:SpotifyAPI.Local.SpotifyLocalAPI.Pause">
            <summary>
            Pause function
            </summary>
        </member>
        <member name="M:SpotifyAPI.Local.SpotifyLocalAPI.Play">
            <summary>
            Play function
            </summary>
        </member>
        <member name="M:SpotifyAPI.Local.SpotifyLocalAPI.PressKey(System.Byte)">
            <summary>
            Simulates a KeyPress
            </summary>
            <param name="keyCode">The keycode for the represented Key</param>
        </member>
        <member name="M:SpotifyAPI.Local.SpotifyLocalAPI.PlayURL(System.String,System.String)">
            <summary>
            Plays a Spotify URI within an optional context.
            </summary>
            <param name="uri">The Spotify URI</param>
            <param name="context">The context in which to play the specified <paramref name="uri"/>. </param>
            <remarks>
            Contexts are basically a queue in spotify. a song can be played within a context, meaning that hitting next / previous would lead to another song. Contexts are leveraged by widgets as described in the "Multiple tracks player" section of the following documentation page: https://developer.spotify.com/technologies/widgets/spotify-play-button/
            </remarks>
        </member>
        <member name="M:SpotifyAPI.Local.SpotifyLocalAPI.AddToQueue(System.String)">
            <summary>
            Adds a Spotify URI to the Queue
            </summary>
            <param name="uri">The Spotify URI</param>
        </member>
        <member name="M:SpotifyAPI.Local.SpotifyLocalAPI.Skip">
            <summary>
            Skips the current song (Using keypress simulation)
            </summary>
        </member>
        <member name="M:SpotifyAPI.Local.SpotifyLocalAPI.Previous">
            <summary>
            Emulates the "Previous" Key (Using keypress simulation)
            </summary>
        </member>
        <member name="M:SpotifyAPI.Local.SpotifyLocalAPI.IsSpotifyRunning">
            <summary>
            Checks if Spotify is running
            </summary>
            <returns>True, if it's running, false if not</returns>
        </member>
        <member name="M:SpotifyAPI.Local.SpotifyLocalAPI.IsSpotifyWebHelperRunning">
            <summary>
            Checks if Spotify's WebHelper is running (Needed for API Calls)
            </summary>
            <returns>True, if it's running, false if not</returns>
        </member>
        <member name="M:SpotifyAPI.Local.SpotifyLocalAPI.RunSpotify">
            <summary>
            Runs Spotify
            </summary>
        </member>
        <member name="M:SpotifyAPI.Local.SpotifyLocalAPI.RunSpotifyWebHelper">
            <summary>
            Runs Spotify's WebHelper
            </summary>
        </member>
        <member name="M:SpotifyAPI.Web.IClient.Download(System.String)">
            <summary>
                Downloads data from an URL and returns it
            </summary>
            <param name="url">An URL</param>
            <returns></returns>
        </member>
        <member name="M:SpotifyAPI.Web.IClient.DownloadRaw(System.String)">
            <summary>
                Downloads data from an URL and returns it
            </summary>
            <param name="url">An URL</param>
            <returns></returns>
        </member>
        <member name="M:SpotifyAPI.Web.IClient.DownloadJson``1(System.String)">
            <summary>
                Downloads data from an URL and converts it to an object
            </summary>
            <typeparam name="T">The Type which the object gets converted to</typeparam>
            <param name="url">An URL</param>
            <returns></returns>
        </member>
        <member name="M:SpotifyAPI.Web.IClient.Upload(System.String,System.String,System.String)">
            <summary>
                Uploads data from an URL and returns the response
            </summary>
            <param name="url">An URL</param>
            <param name="body">The Body-Data (most likely a JSON String)</param>
            <param name="method">The Upload-method (POST,DELETE,PUT)</param>
            <returns></returns>
        </member>
        <member name="M:SpotifyAPI.Web.IClient.UploadRaw(System.String,System.String,System.String)">
            <summary>
                Uploads data from an URL and returns the response
            </summary>
            <param name="url">An URL</param>
            <param name="body">The Body-Data (most likely a JSON String)</param>
            <param name="method">The Upload-method (POST,DELETE,PUT)</param>
            <returns></returns>
        </member>
        <member name="M:SpotifyAPI.Web.IClient.UploadJson``1(System.String,System.String,System.String)">
            <summary>
                Uploads data from an URL and converts the response to an object
            </summary>
            <typeparam name="T">The Type which the object gets converted to</typeparam>
            <param name="url">An URL</param>
            <param name="body">The Body-Data (most likely a JSON String)</param>
            <param name="method">The Upload-method (POST,DELETE,PUT)</param>
            <returns></returns>
        </member>
        <member name="M:SpotifyAPI.Web.IClient.SetHeader(System.String,System.String)">
            <summary>
                Sets a specific Header
            </summary>
            <param name="header">Header name</param>
            <param name="value">Header value</param>
        </member>
        <member name="M:SpotifyAPI.Web.IClient.RemoveHeader(System.String)">
            <summary>
                Removes a specific Header
            </summary>
            <param name="header">Header name</param>
        </member>
        <member name="M:SpotifyAPI.Web.IClient.GetHeaders">
            <summary>
                Gets all current Headers
            </summary>
            <returns>A collection of Header KeyValue Pairs</returns>
        </member>
        <member name="E:SpotifyAPI.Web.Auth.AutorizationCodeAuth.OnResponseReceivedEvent">
            <summary>
                Will be fired once the user authenticated
            </summary>
        </member>
        <member name="M:SpotifyAPI.Web.Auth.AutorizationCodeAuth.DoAuth">
            <summary>
                Start the auth process (Make sure the internal HTTP-Server ist started)
            </summary>
        </member>
        <member name="M:SpotifyAPI.Web.Auth.AutorizationCodeAuth.RefreshToken(System.String,System.String)">
            <summary>
                Refreshes auth by providing the clientsecret (Don't use this if you're on a client)
            </summary>
            <param name="refreshToken">The refresh-token of the earlier gathered token</param>
            <param name="clientSecret">Your Client-Secret, don't provide it if this is running on a client!</param>
        </member>
        <member name="M:SpotifyAPI.Web.Auth.AutorizationCodeAuth.StartHttpServer(System.Int32)">
            <summary>
                Start the internal HTTP-Server
            </summary>
        </member>
        <member name="M:SpotifyAPI.Web.Auth.AutorizationCodeAuth.StopHttpServer">
            <summary>
                This will stop the internal HTTP-Server (Should be called after you got the Token)
            </summary>
        </member>
        <member name="M:SpotifyAPI.Web.Auth.AutorizationCodeAuth.ExchangeAuthCode(System.String,System.String)">
            <summary>
                Exchange a code for a Token (Don't use this if you're on a client)
            </summary>
            <param name="code">The gathered code from the response</param>
            <param name="clientSecret">Your Client-Secret, don't provide it if this is running on a client!</param>
            <returns></returns>
        </member>
        <member name="M:SpotifyAPI.Web.Auth.ClientCredentialsAuth.DoAuth">
            <summary>
                Starts the auth process and
            </summary>
            <returns>A new Token</returns>
        </member>
        <member name="M:SpotifyAPI.Web.Auth.ImplicitGrantAuth.DoAuth">
            <summary>
                Start the auth process (Make sure the internal HTTP-Server ist started)
            </summary>
        </member>
        <member name="M:SpotifyAPI.Web.Auth.ImplicitGrantAuth.StartHttpServer(System.Int32)">
            <summary>
                Start the internal HTTP-Server
            </summary>
        </member>
        <member name="M:SpotifyAPI.Web.Auth.ImplicitGrantAuth.StopHttpServer">
            <summary>
                This will stop the internal HTTP-Server (Should be called after you got the Token)
            </summary>
        </member>
        <member name="P:SpotifyAPI.Web.Models.FullTrack.IsPlayable">
            <summary>
                Only filled when the "market"-parameter was supplied!
            </summary>
        </member>
        <member name="P:SpotifyAPI.Web.Models.FullTrack.LinkedFrom">
            <summary>
                Only filled when the "market"-parameter was supplied!
            </summary>
        </member>
        <member name="M:SpotifyAPI.Web.Models.DeleteTrackUri.#ctor(System.String,System.Int32[])">
            <summary>
                Delete-Track Wrapper
            </summary>
            <param name="uri">An Spotify-URI</param>
            <param name="positions">Optional positions</param>
        </member>
        <member name="M:SpotifyAPI.Web.Models.Token.IsExpired">
            <summary>
                Checks if the token has expired
            </summary>
            <returns></returns>
        </member>
        <member name="M:SpotifyAPI.Web.SpotifyWebAPI.SearchItems(System.String,SpotifyAPI.Web.Enums.SearchType,System.Int32,System.Int32,System.String)">
            <summary>
                Get Spotify catalog information about artists, albums, tracks or playlists that match a keyword string.
            </summary>
            <param name="q">The search query's keywords (and optional field filters and operators), for example q=roadhouse+blues.</param>
            <param name="type">A list of item types to search across.</param>
            <param name="limit">The maximum number of items to return. Default: 20. Minimum: 1. Maximum: 50.</param>
            <param name="offset">The index of the first result to return. Default: 0</param>
            <param name="market">An ISO 3166-1 alpha-2 country code or the string from_token.</param>
            <returns></returns>
        </member>
        <member name="M:SpotifyAPI.Web.SpotifyWebAPI.GetAlbumTracks(System.String,System.Int32,System.Int32,System.String)">
            <summary>
                Get Spotify catalog information about an album’s tracks. Optional parameters can be used to limit the number of
                tracks returned.
            </summary>
            <param name="id">The Spotify ID for the album.</param>
            <param name="limit">The maximum number of items to return. Default: 20. Minimum: 1. Maximum: 50.</param>
            <param name="offset">The index of the first track to return. Default: 0 (the first object).</param>
            <param name="market">An ISO 3166-1 alpha-2 country code. Provide this parameter if you want to apply Track Relinking.</param>
            <returns></returns>
        </member>
        <member name="M:SpotifyAPI.Web.SpotifyWebAPI.GetAlbum(System.String,System.String)">
            <summary>
                Get Spotify catalog information for a single album.
            </summary>
            <param name="id">The Spotify ID for the album.</param>
            <param name="market">An ISO 3166-1 alpha-2 country code. Provide this parameter if you want to apply Track Relinking.</param>
            <returns></returns>
        </member>
        <member name="M:SpotifyAPI.Web.SpotifyWebAPI.GetSeveralAlbums(System.Collections.Generic.List{System.String},System.String)">
            <summary>
                Get Spotify catalog information for multiple albums identified by their Spotify IDs.
            </summary>
            <param name="ids">A list of the Spotify IDs for the albums. Maximum: 20 IDs.</param>
            <param name="market">An ISO 3166-1 alpha-2 country code. Provide this parameter if you want to apply Track Relinking.</param>
            <returns></returns>
        </member>
        <member name="M:SpotifyAPI.Web.SpotifyWebAPI.GetArtist(System.String)">
            <summary>
                Get Spotify catalog information for a single artist identified by their unique Spotify ID.
            </summary>
            <param name="id">The Spotify ID for the artist.</param>
            <returns></returns>
        </member>
        <member name="M:SpotifyAPI.Web.SpotifyWebAPI.GetRelatedArtists(System.String)">
            <summary>
                Get Spotify catalog information about artists similar to a given artist. Similarity is based on analysis of the
                Spotify community’s listening history.
            </summary>
            <param name="id">The Spotify ID for the artist.</param>
            <returns></returns>
        </member>
        <member name="M:SpotifyAPI.Web.SpotifyWebAPI.GetArtistsTopTracks(System.String,System.String)">
            <summary>
                Get Spotify catalog information about an artist’s top tracks by country.
            </summary>
            <param name="id">The Spotify ID for the artist.</param>
            <param name="country">The country: an ISO 3166-1 alpha-2 country code.</param>
            <returns></returns>
        </member>
        <member name="M:SpotifyAPI.Web.SpotifyWebAPI.GetArtistsAlbums(System.String,SpotifyAPI.Web.Enums.AlbumType,System.Int32,System.Int32,System.String)">
            <summary>
                Get Spotify catalog information about an artist’s albums. Optional parameters can be specified in the query string
                to filter and sort the response.
            </summary>
            <param name="id">The Spotify ID for the artist.</param>
            <param name="type">
                A list of keywords that will be used to filter the response. If not supplied, all album types will
                be returned
            </param>
            <param name="limit">The maximum number of items to return. Default: 20. Minimum: 1. Maximum: 50.</param>
            <param name="offset">The index of the first album to return. Default: 0</param>
            <param name="market">
                An ISO 3166-1 alpha-2 country code. Supply this parameter to limit the response to one particular
                geographical market
            </param>
            <returns></returns>
        </member>
        <member name="M:SpotifyAPI.Web.SpotifyWebAPI.GetSeveralArtists(System.Collections.Generic.List{System.String})">
            <summary>
                Get Spotify catalog information for several artists based on their Spotify IDs.
            </summary>
            <param name="ids">A list of the Spotify IDs for the artists. Maximum: 50 IDs.</param>
            <returns></returns>
        </member>
        <member name="M:SpotifyAPI.Web.SpotifyWebAPI.GetFeaturedPlaylists(System.String,System.String,System.DateTime,System.Int32,System.Int32)">
            <summary>
                Get a list of Spotify featured playlists (shown, for example, on a Spotify player’s “Browse” tab).
            </summary>
            <param name="locale">
                The desired language, consisting of a lowercase ISO 639 language code and an uppercase ISO 3166-1
                alpha-2 country code, joined by an underscore.
            </param>
            <param name="country">A country: an ISO 3166-1 alpha-2 country code.</param>
            <param name="timestamp">A timestamp in ISO 8601 format</param>
            <param name="limit">The maximum number of items to return. Default: 20. Minimum: 1. Maximum: 50.</param>
            <param name="offset">The index of the first item to return. Default: 0</param>
            <remarks>AUTH NEEDED</remarks>
        </member>
        <member name="M:SpotifyAPI.Web.SpotifyWebAPI.GetNewAlbumReleases(System.String,System.Int32,System.Int32)">
            <summary>
                Get a list of new album releases featured in Spotify (shown, for example, on a Spotify player’s “Browse” tab).
            </summary>
            <param name="country">A country: an ISO 3166-1 alpha-2 country code.</param>
            <param name="limit">The maximum number of items to return. Default: 20. Minimum: 1. Maximum: 50.</param>
            <param name="offset">The index of the first item to return. Default: 0</param>
            <returns></returns>
            <remarks>AUTH NEEDED</remarks>
        </member>
        <member name="M:SpotifyAPI.Web.SpotifyWebAPI.GetCategories(System.String,System.String,System.Int32,System.Int32)">
            <summary>
                Get a list of categories used to tag items in Spotify (on, for example, the Spotify player’s “Browse” tab).
            </summary>
            <param name="country">
                A country: an ISO 3166-1 alpha-2 country code. Provide this parameter if you want to narrow the
                list of returned categories to those relevant to a particular country
            </param>
            <param name="locale">
                The desired language, consisting of an ISO 639 language code and an ISO 3166-1 alpha-2 country
                code, joined by an underscore
            </param>
            <param name="limit">The maximum number of categories to return. Default: 20. Minimum: 1. Maximum: 50. </param>
            <param name="offset">The index of the first item to return. Default: 0 (the first object).</param>
            <returns></returns>
            <remarks>AUTH NEEDED</remarks>
        </member>
        <member name="M:SpotifyAPI.Web.SpotifyWebAPI.GetCategory(System.String,System.String,System.String)">
            <summary>
                Get a single category used to tag items in Spotify (on, for example, the Spotify player’s “Browse” tab).
            </summary>
            <param name="categoryId">The Spotify category ID for the category.</param>
            <param name="country">
                A country: an ISO 3166-1 alpha-2 country code. Provide this parameter to ensure that the category
                exists for a particular country.
            </param>
            <param name="locale">
                The desired language, consisting of an ISO 639 language code and an ISO 3166-1 alpha-2 country
                code, joined by an underscore
            </param>
            <returns></returns>
            <remarks>AUTH NEEDED</remarks>
        </member>
        <member name="M:SpotifyAPI.Web.SpotifyWebAPI.GetCategoryPlaylists(System.String,System.String,System.Int32,System.Int32)">
            <summary>
                Get a list of Spotify playlists tagged with a particular category.
            </summary>
            <param name="categoryId">The Spotify category ID for the category.</param>
            <param name="country">A country: an ISO 3166-1 alpha-2 country code.</param>
            <param name="limit">The maximum number of items to return. Default: 20. Minimum: 1. Maximum: 50.</param>
            <param name="offset">The index of the first item to return. Default: 0</param>
            <returns></returns>
            <remarks>AUTH NEEDED</remarks>
        </member>
        <member name="M:SpotifyAPI.Web.SpotifyWebAPI.GetFollowedArtists(System.Int32,System.String)">
            <summary>
                Get the current user’s followed artists.
            </summary>
            <param name="limit">The maximum number of items to return. Default: 20. Minimum: 1. Maximum: 50. </param>
            <param name="after">The last artist ID retrieved from the previous request.</param>
            <returns></returns>
            <remarks>AUTH NEEDED</remarks>
        </member>
        <member name="M:SpotifyAPI.Web.SpotifyWebAPI.Follow(SpotifyAPI.Web.Enums.FollowType,System.Collections.Generic.List{System.String})">
            <summary>
                Add the current user as a follower of one or more artists or other Spotify users.
            </summary>
            <param name="followType">The ID type: either artist or user.</param>
            <param name="ids">A list of the artist or the user Spotify IDs</param>
            <returns></returns>
            <remarks>AUTH NEEDED</remarks>
        </member>
        <member name="M:SpotifyAPI.Web.SpotifyWebAPI.Follow(SpotifyAPI.Web.Enums.FollowType,System.String)">
            <summary>
                Add the current user as a follower of one or more artists or other Spotify users.
            </summary>
            <param name="followType">The ID type: either artist or user.</param>
            <param name="id">Artists or the Users Spotify ID</param>
            <returns></returns>
            <remarks>AUTH NEEDED</remarks>
        </member>
        <member name="M:SpotifyAPI.Web.SpotifyWebAPI.Unfollow(SpotifyAPI.Web.Enums.FollowType,System.Collections.Generic.List{System.String})">
            <summary>
                Remove the current user as a follower of one or more artists or other Spotify users.
            </summary>
            <param name="followType">The ID type: either artist or user.</param>
            <param name="ids">A list of the artist or the user Spotify IDs</param>
            <returns></returns>
            <remarks>AUTH NEEDED</remarks>
        </member>
        <member name="M:SpotifyAPI.Web.SpotifyWebAPI.Unfollow(SpotifyAPI.Web.Enums.FollowType,System.String)">
            <summary>
                Remove the current user as a follower of one or more artists or other Spotify users.
            </summary>
            <param name="followType">The ID type: either artist or user.</param>
            <param name="id">Artists or the Users Spotify ID</param>
            <returns></returns>
            <remarks>AUTH NEEDED</remarks>
        </member>
        <member name="M:SpotifyAPI.Web.SpotifyWebAPI.IsFollowing(SpotifyAPI.Web.Enums.FollowType,System.Collections.Generic.List{System.String})">
            <summary>
                Check to see if the current user is following one or more artists or other Spotify users.
            </summary>
            <param name="followType">The ID type: either artist or user.</param>
            <param name="ids">A list of the artist or the user Spotify IDs to check</param>
            <returns></returns>
            <remarks>AUTH NEEDED</remarks>
        </member>
        <member name="M:SpotifyAPI.Web.SpotifyWebAPI.IsFollowing(SpotifyAPI.Web.Enums.FollowType,System.String)">
            <summary>
                Check to see if the current user is following one artist or another Spotify user.
            </summary>
            <param name="followType">The ID type: either artist or user.</param>
            <param name="id">Artists or the Users Spotify ID</param>
            <returns></returns>
            <remarks>AUTH NEEDED</remarks>
        </member>
        <member name="M:SpotifyAPI.Web.SpotifyWebAPI.FollowPlaylist(System.String,System.String,System.Boolean)">
            <summary>
                Add the current user as a follower of a playlist.
            </summary>
            <param name="ownerId">The Spotify user ID of the person who owns the playlist.</param>
            <param name="playlistId">
                The Spotify ID of the playlist. Any playlist can be followed, regardless of its public/private
                status, as long as you know its playlist ID.
            </param>
            <param name="showPublic">
                If true the playlist will be included in user's public playlists, if false it will remain
                private.
            </param>
            <returns></returns>
            <remarks>AUTH NEEDED</remarks>
        </member>
        <member name="M:SpotifyAPI.Web.SpotifyWebAPI.UnfollowPlaylist(System.String,System.String)">
            <summary>
                Remove the current user as a follower of a playlist.
            </summary>
            <param name="ownerId">The Spotify user ID of the person who owns the playlist.</param>
            <param name="playlistId">The Spotify ID of the playlist that is to be no longer followed.</param>
            <returns></returns>
            <remarks>AUTH NEEDED</remarks>
        </member>
        <member name="M:SpotifyAPI.Web.SpotifyWebAPI.IsFollowingPlaylist(System.String,System.String,System.Collections.Generic.List{System.String})">
            <summary>
                Check to see if one or more Spotify users are following a specified playlist.
            </summary>
            <param name="ownerId">The Spotify user ID of the person who owns the playlist.</param>
            <param name="playlistId">The Spotify ID of the playlist.</param>
            <param name="ids">A list of Spotify User IDs</param>
            <returns></returns>
            <remarks>AUTH NEEDED</remarks>
        </member>
        <member name="M:SpotifyAPI.Web.SpotifyWebAPI.IsFollowingPlaylist(System.String,System.String,System.String)">
            <summary>
                Check to see if one or more Spotify users are following a specified playlist.
            </summary>
            <param name="ownerId">The Spotify user ID of the person who owns the playlist.</param>
            <param name="playlistId">The Spotify ID of the playlist.</param>
            <param name="id">A Spotify User ID</param>
            <returns></returns>
            <remarks>AUTH NEEDED</remarks>
        </member>
        <member name="M:SpotifyAPI.Web.SpotifyWebAPI.SaveTracks(System.Collections.Generic.List{System.String})">
            <summary>
                Save one or more tracks to the current user’s “Your Music” library.
            </summary>
            <param name="ids">A list of the Spotify IDs</param>
            <returns></returns>
            <remarks>AUTH NEEDED</remarks>
        </member>
        <member name="M:SpotifyAPI.Web.SpotifyWebAPI.SaveTrack(System.String)">
            <summary>
                Save one track to the current user’s “Your Music” library.
            </summary>
            <param name="id">A Spotify ID</param>
            <returns></returns>
            <remarks>AUTH NEEDED</remarks>
        </member>
        <member name="M:SpotifyAPI.Web.SpotifyWebAPI.GetSavedTracks(System.Int32,System.Int32,System.String)">
            <summary>
                Get a list of the songs saved in the current Spotify user’s “Your Music” library.
            </summary>
            <param name="limit">The maximum number of objects to return. Default: 20. Minimum: 1. Maximum: 50.</param>
            <param name="offset">The index of the first object to return. Default: 0 (i.e., the first object)</param>
            <param name="market">An ISO 3166-1 alpha-2 country code. Provide this parameter if you want to apply Track Relinking.</param>
            <returns></returns>
            <remarks>AUTH NEEDED</remarks>
        </member>
        <member name="M:SpotifyAPI.Web.SpotifyWebAPI.RemoveSavedTracks(System.Collections.Generic.List{System.String})">
            <summary>
                Remove one or more tracks from the current user’s “Your Music” library.
            </summary>
            <param name="ids">A list of the Spotify IDs.</param>
            <returns></returns>
            <remarks>AUTH NEEDED</remarks>
        </member>
        <member name="M:SpotifyAPI.Web.SpotifyWebAPI.CheckSavedTracks(System.Collections.Generic.List{System.String})">
            <summary>
                Check if one or more tracks is already saved in the current Spotify user’s “Your Music” library.
            </summary>
            <param name="ids">A list of the Spotify IDs.</param>
            <returns></returns>
            <remarks>AUTH NEEDED</remarks>
        </member>
        <member name="M:SpotifyAPI.Web.SpotifyWebAPI.GetUserPlaylists(System.String,System.Int32,System.Int32)">
            <summary>
                Get a list of the playlists owned or followed by a Spotify user.
            </summary>
            <param name="userId">The user's Spotify user ID.</param>
            <param name="limit">The maximum number of playlists to return. Default: 20. Minimum: 1. Maximum: 50. </param>
            <param name="offset">The index of the first playlist to return. Default: 0 (the first object)</param>
            <returns></returns>
            <remarks>AUTH NEEDED</remarks>
        </member>
        <member name="M:SpotifyAPI.Web.SpotifyWebAPI.GetPlaylist(System.String,System.String,System.String,System.String)">
            <summary>
                Get a playlist owned by a Spotify user.
            </summary>
            <param name="userId">The user's Spotify user ID.</param>
            <param name="playlistId">The Spotify ID for the playlist.</param>
            <param name="fields">
                Filters for the query: a comma-separated list of the fields to return. If omitted, all fields are
                returned.
            </param>
            <param name="market">An ISO 3166-1 alpha-2 country code. Provide this parameter if you want to apply Track Relinking.</param>
            <returns></returns>
            <remarks>AUTH NEEDED</remarks>
        </member>
        <member name="M:SpotifyAPI.Web.SpotifyWebAPI.GetPlaylistTracks(System.String,System.String,System.String,System.Int32,System.Int32,System.String)">
            <summary>
                Get full details of the tracks of a playlist owned by a Spotify user.
            </summary>
            <param name="userId">The user's Spotify user ID.</param>
            <param name="playlistId">The Spotify ID for the playlist.</param>
            <param name="fields">
                Filters for the query: a comma-separated list of the fields to return. If omitted, all fields are
                returned.
            </param>
            <param name="limit">The maximum number of tracks to return. Default: 100. Minimum: 1. Maximum: 100.</param>
            <param name="offset">The index of the first object to return. Default: 0 (i.e., the first object)</param>
            <param name="market">An ISO 3166-1 alpha-2 country code. Provide this parameter if you want to apply Track Relinking.</param>
            <returns></returns>
            <remarks>AUTH NEEDED</remarks>
        </member>
        <member name="M:SpotifyAPI.Web.SpotifyWebAPI.CreatePlaylist(System.String,System.String,System.Boolean)">
            <summary>
                Create a playlist for a Spotify user. (The playlist will be empty until you add tracks.)
            </summary>
            <param name="userId">The user's Spotify user ID.</param>
            <param name="playlistName">
                The name for the new playlist, for example "Your Coolest Playlist". This name does not need
                to be unique.
            </param>
            <param name="isPublic">
                default true. If true the playlist will be public, if false it will be private. To be able to
                create private playlists, the user must have granted the playlist-modify-private scope.
            </param>
            <returns></returns>
            <remarks>AUTH NEEDED</remarks>
        </member>
        <member name="M:SpotifyAPI.Web.SpotifyWebAPI.UpdatePlaylist(System.String,System.String,System.String,System.Nullable{System.Boolean})">
            <summary>
                Change a playlist’s name and public/private state. (The user must, of course, own the playlist.)
            </summary>
            <param name="userId">The user's Spotify user ID.</param>
            <param name="playlistId">The Spotify ID for the playlist.</param>
            <param name="newName">The new name for the playlist, for example "My New Playlist Title".</param>
            <param name="newPublic">If true the playlist will be public, if false it will be private.</param>
            <returns></returns>
            <remarks>AUTH NEEDED</remarks>
        </member>
        <member name="M:SpotifyAPI.Web.SpotifyWebAPI.ReplacePlaylistTracks(System.String,System.String,System.Collections.Generic.List{System.String})">
            <summary>
                Replace all the tracks in a playlist, overwriting its existing tracks. This powerful request can be useful for
                replacing tracks, re-ordering existing tracks, or clearing the playlist.
            </summary>
            <param name="userId">The user's Spotify user ID.</param>
            <param name="playlistId">The Spotify ID for the playlist.</param>
            <param name="uris">A list of Spotify track URIs to set. A maximum of 100 tracks can be set in one request.</param>
            <returns></returns>
            <remarks>AUTH NEEDED</remarks>
        </member>
        <member name="M:SpotifyAPI.Web.SpotifyWebAPI.RemovePlaylistTracks(System.String,System.String,System.Collections.Generic.List{SpotifyAPI.Web.Models.DeleteTrackUri})">
            <summary>
                Remove one or more tracks from a user’s playlist.
            </summary>
            <param name="userId">The user's Spotify user ID.</param>
            <param name="playlistId">The Spotify ID for the playlist.</param>
            <param name="uris">
                array of objects containing Spotify URI strings (and their position in the playlist). A maximum of
                100 objects can be sent at once.
            </param>
            <returns></returns>
            <remarks>AUTH NEEDED</remarks>
        </member>
        <member name="M:SpotifyAPI.Web.SpotifyWebAPI.RemovePlaylistTrack(System.String,System.String,SpotifyAPI.Web.Models.DeleteTrackUri)">
            <summary>
                Remove one or more tracks from a user’s playlist.
            </summary>
            <param name="userId">The user's Spotify user ID.</param>
            <param name="playlistId">The Spotify ID for the playlist.</param>
            <param name="uri">Spotify URI</param>
            <returns></returns>
            <remarks>AUTH NEEDED</remarks>
        </member>
        <member name="M:SpotifyAPI.Web.SpotifyWebAPI.AddPlaylistTracks(System.String,System.String,System.Collections.Generic.List{System.String},System.Nullable{System.Int32})">
            <summary>
                Add one or more tracks to a user’s playlist.
            </summary>
            <param name="userId">The user's Spotify user ID.</param>
            <param name="playlistId">The Spotify ID for the playlist.</param>
            <param name="uris">A list of Spotify track URIs to add</param>
            <param name="position">The position to insert the tracks, a zero-based index</param>
            <returns></returns>
            <remarks>AUTH NEEDED</remarks>
        </member>
        <member name="M:SpotifyAPI.Web.SpotifyWebAPI.AddPlaylistTrack(System.String,System.String,System.String,System.Nullable{System.Int32})">
            <summary>
                Add one or more tracks to a user’s playlist.
            </summary>
            <param name="userId">The user's Spotify user ID.</param>
            <param name="playlistId">The Spotify ID for the playlist.</param>
            <param name="uri">A Spotify Track URI</param>
            <param name="position">The position to insert the tracks, a zero-based index</param>
            <returns></returns>
            <remarks>AUTH NEEDED</remarks>
        </member>
        <member name="M:SpotifyAPI.Web.SpotifyWebAPI.ReorderPlaylist(System.String,System.String,System.Int32,System.Int32,System.Int32,System.String)">
            <summary>
                Reorder a track or a group of tracks in a playlist.
            </summary>
            <param name="userId">The user's Spotify user ID.</param>
            <param name="playlistId">The Spotify ID for the playlist.</param>
            <param name="rangeStart">The position of the first track to be reordered.</param>
            <param name="insertBefore">The position where the tracks should be inserted. </param>
            <param name="rangeLength">The amount of tracks to be reordered. Defaults to 1 if not set.</param>
            <param name="snapshotId">The playlist's snapshot ID against which you want to make the changes.</param>
            <returns></returns>
            <remarks>AUTH NEEDED</remarks>
        </member>
        <member name="M:SpotifyAPI.Web.SpotifyWebAPI.GetPrivateProfile">
            <summary>
                Get detailed profile information about the current user (including the current user’s username).
            </summary>
            <returns></returns>
            <remarks>AUTH NEEDED</remarks>
        </member>
        <member name="M:SpotifyAPI.Web.SpotifyWebAPI.GetPublicProfile(System.String)">
            <summary>
                Get public profile information about a Spotify user.
            </summary>
            <param name="userId">The user's Spotify user ID.</param>
            <returns></returns>
        </member>
        <member name="M:SpotifyAPI.Web.SpotifyWebAPI.GetSeveralTracks(System.Collections.Generic.List{System.String},System.String)">
            <summary>
                Get Spotify catalog information for multiple tracks based on their Spotify IDs.
            </summary>
            <param name="ids">A list of the Spotify IDs for the tracks. Maximum: 50 IDs.</param>
            <param name="market">An ISO 3166-1 alpha-2 country code. Provide this parameter if you want to apply Track Relinking.</param>
            <returns></returns>
        </member>
        <member name="M:SpotifyAPI.Web.SpotifyWebAPI.GetTrack(System.String,System.String)">
            <summary>
                Get Spotify catalog information for a single track identified by its unique Spotify ID.
            </summary>
            <param name="id">The Spotify ID for the track.</param>
            <param name="market">An ISO 3166-1 alpha-2 country code. Provide this parameter if you want to apply Track Relinking.</param>
            <returns></returns>
        </member>
    </members>
</doc>
